num,category,category_name,news
1001,0,정치,"국회는 새로운 법안 심사를 진행하며 정부 정책 방향을 논의했다. 이번 보도에서는 정부, 국회, 선거, 외교 관련 내용이 함께 다뤄졌다."
1002,0,정치,"정부는 예산 편성과 개혁 과제를 중심으로 부처 회의를 열었다. 이번 보도에서는 정책, 대통령, 정부, 법안 관련 내용이 함께 다뤄졌다."
1003,0,정치,"대통령은 외교 일정에서 경제 협력과 안보 현안을 강조했다. 이번 보도에서는 개혁, 정부, 회의, 국회 관련 내용이 함께 다뤄졌다."
1004,0,정치,"선거를 앞두고 각 정당은 공약 발표와 지역 방문을 확대했다. 이번 보도에서는 국회, 정부, 정책, 개혁 관련 내용이 함께 다뤄졌다."
1005,0,정치,"국회는 새로운 법안 심사를 진행하며 정부 정책 방향을 논의했다. 이번 보도에서는 개혁, 국회, 정책, 법안 관련 내용이 함께 다뤄졌다."
1006,0,정치,"정부는 예산 편성과 개혁 과제를 중심으로 부처 회의를 열었다. 이번 보도에서는 개혁, 회의, 정책, 예산 관련 내용이 함께 다뤄졌다."
1007,0,정치,"대통령은 외교 일정에서 경제 협력과 안보 현안을 강조했다. 이번 보도에서는 외교, 선거, 국회, 회의 관련 내용이 함께 다뤄졌다."
1008,0,정치,"선거를 앞두고 각 정당은 공약 발표와 지역 방문을 확대했다. 이번 보도에서는 대통령, 회의, 법안, 외교 관련 내용이 함께 다뤄졌다."
1009,0,정치,"국회는 새로운 법안 심사를 진행하며 정부 정책 방향을 논의했다. 이번 보도에서는 대통령, 정책, 법안, 국회 관련 내용이 함께 다뤄졌다."
1010,0,정치,"정부는 예산 편성과 개혁 과제를 중심으로 부처 회의를 열었다. 이번 보도에서는 정부, 회의, 외교, 대통령 관련 내용이 함께 다뤄졌다."
1011,0,정치,"대통령은 외교 일정에서 경제 협력과 안보 현안을 강조했다. 이번 보도에서는 법안, 선거, 국회, 외교 관련 내용이 함께 다뤄졌다."
1012,0,정치,"선거를 앞두고 각 정당은 공약 발표와 지역 방문을 확대했다. 이번 보도에서는 예산, 개혁, 정부, 정책 관련 내용이 함께 다뤄졌다."
1013,0,정치,"국회는 새로운 법안 심사를 진행하며 정부 정책 방향을 논의했다. 이번 보도에서는 정부, 개혁, 선거, 회의 관련 내용이 함께 다뤄졌다."
1014,0,정치,"정부는 예산 편성과 개혁 과제를 중심으로 부처 회의를 열었다. 이번 보도에서는 외교, 법안, 정책, 개혁 관련 내용이 함께 다뤄졌다."
1015,0,정치,"대통령은 외교 일정에서 경제 협력과 안보 현안을 강조했다. 이번 보도에서는 정부, 국회, 정책, 회의 관련 내용이 함께 다뤄졌다."
1016,0,정치,"선거를 앞두고 각 정당은 공약 발표와 지역 방문을 확대했다. 이번 보도에서는 선거, 정부, 정책, 회의 관련 내용이 함께 다뤄졌다."
1017,0,정치,"국회는 새로운 법안 심사를 진행하며 정부 정책 방향을 논의했다. 이번 보도에서는 정부, 회의, 선거, 정책 관련 내용이 함께 다뤄졌다."
1018,0,정치,"정부는 예산 편성과 개혁 과제를 중심으로 부처 회의를 열었다. 이번 보도에서는 법안, 대통령, 외교, 개혁 관련 내용이 함께 다뤄졌다."
1019,0,정치,"대통령은 외교 일정에서 경제 협력과 안보 현안을 강조했다. 이번 보도에서는 정책, 선거, 정부, 개혁 관련 내용이 함께 다뤄졌다."
1020,0,정치,"선거를 앞두고 각 정당은 공약 발표와 지역 방문을 확대했다. 이번 보도에서는 대통령, 개혁, 정책, 정부 관련 내용이 함께 다뤄졌다."
1021,1,경제,"한국 경제는 수출 회복과 투자 확대에 힘입어 성장 흐름을 보였다. 이번 보도에서는 환율, 기업, 투자, 시장 관련 내용이 함께 다뤄졌다."
1022,1,경제,"금리와 물가 변동이 소비 심리와 시장 전망에 영향을 주고 있다. 이번 보도에서는 소비, 수출, 시장, 기업 관련 내용이 함께 다뤄졌다."
1023,1,경제,"기업들은 환율 변동에 대응하기 위해 원가 관리와 해외 전략을 조정했다. 이번 보도에서는 경제, 수출, 성장, 기업 관련 내용이 함께 다뤄졌다."
1024,1,경제,"정부는 내수 회복을 위해 소비 지원과 투자 촉진 대책을 발표했다. 이번 보도에서는 시장, 기업, 투자, 경제 관련 내용이 함께 다뤄졌다."
1025,1,경제,"한국 경제는 수출 회복과 투자 확대에 힘입어 성장 흐름을 보였다. 이번 보도에서는 수출, 시장, 성장, 소비 관련 내용이 함께 다뤄졌다."
1026,1,경제,"금리와 물가 변동이 소비 심리와 시장 전망에 영향을 주고 있다. 이번 보도에서는 환율, 기업, 성장, 금리 관련 내용이 함께 다뤄졌다."
1027,1,경제,"기업들은 환율 변동에 대응하기 위해 원가 관리와 해외 전략을 조정했다. 이번 보도에서는 투자, 물가, 수출, 시장 관련 내용이 함께 다뤄졌다."
1028,1,경제,"정부는 내수 회복을 위해 소비 지원과 투자 촉진 대책을 발표했다. 이번 보도에서는 소비, 성장, 투자, 시장 관련 내용이 함께 다뤄졌다."
1029,1,경제,"한국 경제는 수출 회복과 투자 확대에 힘입어 성장 흐름을 보였다. 이번 보도에서는 성장, 기업, 소비, 물가 관련 내용이 함께 다뤄졌다."
1030,1,경제,"금리와 물가 변동이 소비 심리와 시장 전망에 영향을 주고 있다. 이번 보도에서는 수출, 물가, 환율, 경제 관련 내용이 함께 다뤄졌다."
1031,1,경제,"기업들은 환율 변동에 대응하기 위해 원가 관리와 해외 전략을 조정했다. 이번 보도에서는 경제, 금리, 물가, 시장 관련 내용이 함께 다뤄졌다."
1032,1,경제,"정부는 내수 회복을 위해 소비 지원과 투자 촉진 대책을 발표했다. 이번 보도에서는 물가, 기업, 금리, 수출 관련 내용이 함께 다뤄졌다."
1033,1,경제,"한국 경제는 수출 회복과 투자 확대에 힘입어 성장 흐름을 보였다. 이번 보도에서는 기업, 환율, 투자, 소비 관련 내용이 함께 다뤄졌다."
1034,1,경제,"금리와 물가 변동이 소비 심리와 시장 전망에 영향을 주고 있다. 이번 보도에서는 경제, 금리, 투자, 기업 관련 내용이 함께 다뤄졌다."
1035,1,경제,"기업들은 환율 변동에 대응하기 위해 원가 관리와 해외 전략을 조정했다. 이번 보도에서는 시장, 금리, 투자, 수출 관련 내용이 함께 다뤄졌다."
1036,1,경제,"정부는 내수 회복을 위해 소비 지원과 투자 촉진 대책을 발표했다. 이번 보도에서는 물가, 환율, 경제, 시장 관련 내용이 함께 다뤄졌다."
1037,1,경제,"한국 경제는 수출 회복과 투자 확대에 힘입어 성장 흐름을 보였다. 이번 보도에서는 투자, 소비, 물가, 성장 관련 내용이 함께 다뤄졌다."
1038,1,경제,"금리와 물가 변동이 소비 심리와 시장 전망에 영향을 주고 있다. 이번 보도에서는 금리, 투자, 수출, 성장 관련 내용이 함께 다뤄졌다."
1039,1,경제,"기업들은 환율 변동에 대응하기 위해 원가 관리와 해외 전략을 조정했다. 이번 보도에서는 시장, 물가, 경제, 투자 관련 내용이 함께 다뤄졌다."
1040,1,경제,"정부는 내수 회복을 위해 소비 지원과 투자 촉진 대책을 발표했다. 이번 보도에서는 시장, 환율, 경제, 소비 관련 내용이 함께 다뤄졌다."
1041,2,사회,"지역 사회는 안전 대책과 교통 개선 방안을 함께 논의했다. 이번 보도에서는 노동, 환경, 안전, 사회 관련 내용이 함께 다뤄졌다."
1042,2,사회,"교육 현장에서는 학생 복지와 학습 지원 정책이 확대되고 있다. 이번 보도에서는 안전, 교육, 보건, 노동 관련 내용이 함께 다뤄졌다."
1043,2,사회,"노동 환경 개선을 요구하는 목소리가 커지면서 관련 제도 논의가 이어졌다. 이번 보도에서는 교통, 교육, 복지, 보건 관련 내용이 함께 다뤄졌다."
1044,2,사회,"보건 당국은 환경 변화에 따른 건강 관리와 예방 수칙을 안내했다. 이번 보도에서는 교통, 보건, 복지, 사건 관련 내용이 함께 다뤄졌다."
1045,2,사회,"지역 사회는 안전 대책과 교통 개선 방안을 함께 논의했다. 이번 보도에서는 보건, 지역, 안전, 환경 관련 내용이 함께 다뤄졌다."
1046,2,사회,"교육 현장에서는 학생 복지와 학습 지원 정책이 확대되고 있다. 이번 보도에서는 안전, 환경, 지역, 노동 관련 내용이 함께 다뤄졌다."
1047,2,사회,"노동 환경 개선을 요구하는 목소리가 커지면서 관련 제도 논의가 이어졌다. 이번 보도에서는 노동, 교통, 보건, 사회 관련 내용이 함께 다뤄졌다."
1048,2,사회,"보건 당국은 환경 변화에 따른 건강 관리와 예방 수칙을 안내했다. 이번 보도에서는 안전, 사건, 교육, 복지 관련 내용이 함께 다뤄졌다."
1049,2,사회,"지역 사회는 안전 대책과 교통 개선 방안을 함께 논의했다. 이번 보도에서는 사회, 보건, 안전, 환경 관련 내용이 함께 다뤄졌다."
1050,2,사회,"교육 현장에서는 학생 복지와 학습 지원 정책이 확대되고 있다. 이번 보도에서는 안전, 사회, 교육, 노동 관련 내용이 함께 다뤄졌다."
1051,2,사회,"노동 환경 개선을 요구하는 목소리가 커지면서 관련 제도 논의가 이어졌다. 이번 보도에서는 사회, 안전, 교육, 사건 관련 내용이 함께 다뤄졌다."
1052,2,사회,"보건 당국은 환경 변화에 따른 건강 관리와 예방 수칙을 안내했다. 이번 보도에서는 노동, 교육, 안전, 복지 관련 내용이 함께 다뤄졌다."
1053,2,사회,"지역 사회는 안전 대책과 교통 개선 방안을 함께 논의했다. 이번 보도에서는 교통, 안전, 복지, 노동 관련 내용이 함께 다뤄졌다."
1054,2,사회,"교육 현장에서는 학생 복지와 학습 지원 정책이 확대되고 있다. 이번 보도에서는 사건, 교통, 안전, 지역 관련 내용이 함께 다뤄졌다."
1055,2,사회,"노동 환경 개선을 요구하는 목소리가 커지면서 관련 제도 논의가 이어졌다. 이번 보도에서는 교통, 지역, 안전, 사회 관련 내용이 함께 다뤄졌다."
1056,2,사회,"보건 당국은 환경 변화에 따른 건강 관리와 예방 수칙을 안내했다. 이번 보도에서는 교육, 지역, 노동, 안전 관련 내용이 함께 다뤄졌다."
1057,2,사회,"지역 사회는 안전 대책과 교통 개선 방안을 함께 논의했다. 이번 보도에서는 지역, 교통, 사회, 노동 관련 내용이 함께 다뤄졌다."
1058,2,사회,"교육 현장에서는 학생 복지와 학습 지원 정책이 확대되고 있다. 이번 보도에서는 교육, 사회, 지역, 노동 관련 내용이 함께 다뤄졌다."
1059,2,사회,"노동 환경 개선을 요구하는 목소리가 커지면서 관련 제도 논의가 이어졌다. 이번 보도에서는 노동, 교육, 안전, 보건 관련 내용이 함께 다뤄졌다."
1060,2,사회,"보건 당국은 환경 변화에 따른 건강 관리와 예방 수칙을 안내했다. 이번 보도에서는 안전, 보건, 교통, 교육 관련 내용이 함께 다뤄졌다."
1061,3,문화,"새로운 영화가 관객의 관심을 받으며 주말 극장가를 이끌었다. 이번 보도에서는 축제, 공연, 음악, 전시 관련 내용이 함께 다뤄졌다."
1062,3,문화,"지역 축제에서는 음악 공연과 전시 프로그램이 다양하게 마련됐다. 이번 보도에서는 전시, 영화, 작품, 축제 관련 내용이 함께 다뤄졌다."
1063,3,문화,"예술가들은 창작 작품을 통해 사회적 메시지와 개인의 감정을 표현했다. 이번 보도에서는 관객, 영화, 문화, 예술 관련 내용이 함께 다뤄졌다."
1064,3,문화,"문화 기관은 시민 참여형 전시와 교육 프로그램을 확대 운영한다. 이번 보도에서는 관객, 문화, 영화, 축제 관련 내용이 함께 다뤄졌다."
1065,3,문화,"새로운 영화가 관객의 관심을 받으며 주말 극장가를 이끌었다. 이번 보도에서는 전시, 공연, 축제, 창작 관련 내용이 함께 다뤄졌다."
1066,3,문화,"지역 축제에서는 음악 공연과 전시 프로그램이 다양하게 마련됐다. 이번 보도에서는 작품, 전시, 축제, 문화 관련 내용이 함께 다뤄졌다."
1067,3,문화,"예술가들은 창작 작품을 통해 사회적 메시지와 개인의 감정을 표현했다. 이번 보도에서는 공연, 축제, 문화, 전시 관련 내용이 함께 다뤄졌다."
1068,3,문화,"문화 기관은 시민 참여형 전시와 교육 프로그램을 확대 운영한다. 이번 보도에서는 음악, 작품, 창작, 전시 관련 내용이 함께 다뤄졌다."
1069,3,문화,"새로운 영화가 관객의 관심을 받으며 주말 극장가를 이끌었다. 이번 보도에서는 관객, 작품, 공연, 영화 관련 내용이 함께 다뤄졌다."
1070,3,문화,"지역 축제에서는 음악 공연과 전시 프로그램이 다양하게 마련됐다. 이번 보도에서는 음악, 전시, 문화, 창작 관련 내용이 함께 다뤄졌다."
1071,3,문화,"예술가들은 창작 작품을 통해 사회적 메시지와 개인의 감정을 표현했다. 이번 보도에서는 관객, 문화, 예술, 창작 관련 내용이 함께 다뤄졌다."
1072,3,문화,"문화 기관은 시민 참여형 전시와 교육 프로그램을 확대 운영한다. 이번 보도에서는 문화, 작품, 공연, 창작 관련 내용이 함께 다뤄졌다."
1073,3,문화,"새로운 영화가 관객의 관심을 받으며 주말 극장가를 이끌었다. 이번 보도에서는 관객, 영화, 공연, 문화 관련 내용이 함께 다뤄졌다."
1074,3,문화,"지역 축제에서는 음악 공연과 전시 프로그램이 다양하게 마련됐다. 이번 보도에서는 창작, 영화, 전시, 작품 관련 내용이 함께 다뤄졌다."
1075,3,문화,"예술가들은 창작 작품을 통해 사회적 메시지와 개인의 감정을 표현했다. 이번 보도에서는 영화, 전시, 문화, 음악 관련 내용이 함께 다뤄졌다."
1076,3,문화,"문화 기관은 시민 참여형 전시와 교육 프로그램을 확대 운영한다. 이번 보도에서는 영화, 축제, 예술, 공연 관련 내용이 함께 다뤄졌다."
1077,3,문화,"새로운 영화가 관객의 관심을 받으며 주말 극장가를 이끌었다. 이번 보도에서는 전시, 예술, 창작, 공연 관련 내용이 함께 다뤄졌다."
1078,3,문화,"지역 축제에서는 음악 공연과 전시 프로그램이 다양하게 마련됐다. 이번 보도에서는 축제, 공연, 음악, 전시 관련 내용이 함께 다뤄졌다."
1079,3,문화,"예술가들은 창작 작품을 통해 사회적 메시지와 개인의 감정을 표현했다. 이번 보도에서는 예술, 영화, 문화, 전시 관련 내용이 함께 다뤄졌다."
1080,3,문화,"문화 기관은 시민 참여형 전시와 교육 프로그램을 확대 운영한다. 이번 보도에서는 창작, 영화, 관객, 음악 관련 내용이 함께 다뤄졌다."
1081,4,스포츠,"축구 대표팀은 강도 높은 훈련을 진행하며 다음 경기를 준비했다. 이번 보도에서는 선수, 훈련, 경기, 축구 관련 내용이 함께 다뤄졌다."
1082,4,스포츠,"야구 리그에서는 신인 선수가 중요한 득점 기회를 살려 팀 승리를 이끌었다. 이번 보도에서는 감독, 축구, 선수, 야구 관련 내용이 함께 다뤄졌다."
1083,4,스포츠,"감독은 경기 후 인터뷰에서 선수들의 집중력과 조직력을 칭찬했다. 이번 보도에서는 경기, 야구, 득점, 리그 관련 내용이 함께 다뤄졌다."
1084,4,스포츠,"우승 경쟁이 치열해지면서 팬들의 관심이 시즌 막판까지 이어지고 있다. 이번 보도에서는 훈련, 경기, 스포츠, 감독 관련 내용이 함께 다뤄졌다."
1085,4,스포츠,"축구 대표팀은 강도 높은 훈련을 진행하며 다음 경기를 준비했다. 이번 보도에서는 훈련, 경기, 축구, 득점 관련 내용이 함께 다뤄졌다."
1086,4,스포츠,"야구 리그에서는 신인 선수가 중요한 득점 기회를 살려 팀 승리를 이끌었다. 이번 보도에서는 경기, 축구, 훈련, 감독 관련 내용이 함께 다뤄졌다."
1087,4,스포츠,"감독은 경기 후 인터뷰에서 선수들의 집중력과 조직력을 칭찬했다. 이번 보도에서는 훈련, 야구, 경기, 우승 관련 내용이 함께 다뤄졌다."
1088,4,스포츠,"우승 경쟁이 치열해지면서 팬들의 관심이 시즌 막판까지 이어지고 있다. 이번 보도에서는 우승, 선수, 감독, 축구 관련 내용이 함께 다뤄졌다."
1089,4,스포츠,"축구 대표팀은 강도 높은 훈련을 진행하며 다음 경기를 준비했다. 이번 보도에서는 경기, 훈련, 득점, 야구 관련 내용이 함께 다뤄졌다."
1090,4,스포츠,"야구 리그에서는 신인 선수가 중요한 득점 기회를 살려 팀 승리를 이끌었다. 이번 보도에서는 스포츠, 축구, 리그, 득점 관련 내용이 함께 다뤄졌다."
1091,4,스포츠,"감독은 경기 후 인터뷰에서 선수들의 집중력과 조직력을 칭찬했다. 이번 보도에서는 경기, 스포츠, 훈련, 야구 관련 내용이 함께 다뤄졌다."
1092,4,스포츠,"우승 경쟁이 치열해지면서 팬들의 관심이 시즌 막판까지 이어지고 있다. 이번 보도에서는 야구, 경기, 우승, 감독 관련 내용이 함께 다뤄졌다."
1093,4,스포츠,"축구 대표팀은 강도 높은 훈련을 진행하며 다음 경기를 준비했다. 이번 보도에서는 득점, 훈련, 리그, 경기 관련 내용이 함께 다뤄졌다."
1094,4,스포츠,"야구 리그에서는 신인 선수가 중요한 득점 기회를 살려 팀 승리를 이끌었다. 이번 보도에서는 스포츠, 축구, 훈련, 감독 관련 내용이 함께 다뤄졌다."
1095,4,스포츠,"감독은 경기 후 인터뷰에서 선수들의 집중력과 조직력을 칭찬했다. 이번 보도에서는 야구, 훈련, 스포츠, 리그 관련 내용이 함께 다뤄졌다."
1096,4,스포츠,"우승 경쟁이 치열해지면서 팬들의 관심이 시즌 막판까지 이어지고 있다. 이번 보도에서는 감독, 훈련, 야구, 선수 관련 내용이 함께 다뤄졌다."
1097,4,스포츠,"축구 대표팀은 강도 높은 훈련을 진행하며 다음 경기를 준비했다. 이번 보도에서는 야구, 스포츠, 경기, 우승 관련 내용이 함께 다뤄졌다."
1098,4,스포츠,"야구 리그에서는 신인 선수가 중요한 득점 기회를 살려 팀 승리를 이끌었다. 이번 보도에서는 스포츠, 감독, 선수, 훈련 관련 내용이 함께 다뤄졌다."
1099,4,스포츠,"감독은 경기 후 인터뷰에서 선수들의 집중력과 조직력을 칭찬했다. 이번 보도에서는 선수, 축구, 감독, 리그 관련 내용이 함께 다뤄졌다."
1100,4,스포츠,"우승 경쟁이 치열해지면서 팬들의 관심이 시즌 막판까지 이어지고 있다. 이번 보도에서는 훈련, 리그, 야구, 축구 관련 내용이 함께 다뤄졌다."
1101,5,과학,"연구진은 새로운 에너지 저장 기술을 개발하고 실험 결과를 공개했다. 이번 보도에서는 우주, 개발, 에너지, 과학 관련 내용이 함께 다뤄졌다."
1102,5,과학,"우주 탐사 프로젝트는 데이터 분석을 통해 행성 환경을 조사하고 있다. 이번 보도에서는 우주, 데이터, 에너지, 바이오 관련 내용이 함께 다뤄졌다."
1103,5,과학,"바이오 분야에서는 질병 진단 정확도를 높이는 기술 연구가 활발하다. 이번 보도에서는 기술, 실험, 우주, 에너지 관련 내용이 함께 다뤄졌다."
1104,5,과학,"기후 변화 대응을 위한 과학 데이터와 정책 협력이 중요해지고 있다. 이번 보도에서는 연구, 에너지, 과학, 기후 관련 내용이 함께 다뤄졌다."
1105,5,과학,"연구진은 새로운 에너지 저장 기술을 개발하고 실험 결과를 공개했다. 이번 보도에서는 바이오, 기술, 기후, 에너지 관련 내용이 함께 다뤄졌다."
1106,5,과학,"우주 탐사 프로젝트는 데이터 분석을 통해 행성 환경을 조사하고 있다. 이번 보도에서는 바이오, 데이터, 실험, 에너지 관련 내용이 함께 다뤄졌다."
1107,5,과학,"바이오 분야에서는 질병 진단 정확도를 높이는 기술 연구가 활발하다. 이번 보도에서는 기술, 개발, 과학, 데이터 관련 내용이 함께 다뤄졌다."
1108,5,과학,"기후 변화 대응을 위한 과학 데이터와 정책 협력이 중요해지고 있다. 이번 보도에서는 기술, 에너지, 데이터, 우주 관련 내용이 함께 다뤄졌다."
1109,5,과학,"연구진은 새로운 에너지 저장 기술을 개발하고 실험 결과를 공개했다. 이번 보도에서는 연구, 실험, 데이터, 바이오 관련 내용이 함께 다뤄졌다."
1110,5,과학,"우주 탐사 프로젝트는 데이터 분석을 통해 행성 환경을 조사하고 있다. 이번 보도에서는 기후, 에너지, 데이터, 과학 관련 내용이 함께 다뤄졌다."
1111,5,과학,"바이오 분야에서는 질병 진단 정확도를 높이는 기술 연구가 활발하다. 이번 보도에서는 연구, 실험, 우주, 기후 관련 내용이 함께 다뤄졌다."
1112,5,과학,"기후 변화 대응을 위한 과학 데이터와 정책 협력이 중요해지고 있다. 이번 보도에서는 실험, 과학, 연구, 개발 관련 내용이 함께 다뤄졌다."
1113,5,과학,"연구진은 새로운 에너지 저장 기술을 개발하고 실험 결과를 공개했다. 이번 보도에서는 에너지, 데이터, 기후, 기술 관련 내용이 함께 다뤄졌다."
1114,5,과학,"우주 탐사 프로젝트는 데이터 분석을 통해 행성 환경을 조사하고 있다. 이번 보도에서는 개발, 기후, 연구, 기술 관련 내용이 함께 다뤄졌다."
1115,5,과학,"바이오 분야에서는 질병 진단 정확도를 높이는 기술 연구가 활발하다. 이번 보도에서는 개발, 기술, 실험, 과학 관련 내용이 함께 다뤄졌다."
1116,5,과학,"기후 변화 대응을 위한 과학 데이터와 정책 협력이 중요해지고 있다. 이번 보도에서는 에너지, 과학, 기술, 우주 관련 내용이 함께 다뤄졌다."
1117,5,과학,"연구진은 새로운 에너지 저장 기술을 개발하고 실험 결과를 공개했다. 이번 보도에서는 에너지, 연구, 데이터, 실험 관련 내용이 함께 다뤄졌다."
1118,5,과학,"우주 탐사 프로젝트는 데이터 분석을 통해 행성 환경을 조사하고 있다. 이번 보도에서는 데이터, 연구, 실험, 바이오 관련 내용이 함께 다뤄졌다."
1119,5,과학,"바이오 분야에서는 질병 진단 정확도를 높이는 기술 연구가 활발하다. 이번 보도에서는 실험, 에너지, 데이터, 기술 관련 내용이 함께 다뤄졌다."
1120,5,과학,"기후 변화 대응을 위한 과학 데이터와 정책 협력이 중요해지고 있다. 이번 보도에서는 실험, 기후, 우주, 연구 관련 내용이 함께 다뤄졌다."
1121,6,생활,"건강한 생활을 위해 규칙적인 운동과 균형 잡힌 음식 섭취가 강조된다. 이번 보도에서는 취미, 서비스, 음식, 주거 관련 내용이 함께 다뤄졌다."
1122,6,생활,"여행 수요가 늘면서 숙박 서비스와 지역 관광 상품이 다양해졌다. 이번 보도에서는 서비스, 주거, 취미, 날씨 관련 내용이 함께 다뤄졌다."
1123,6,생활,"주거 환경 개선과 가족 중심 여가 활동에 대한 관심이 커지고 있다. 이번 보도에서는 생활, 주거, 날씨, 건강 관련 내용이 함께 다뤄졌다."
1124,6,생활,"소비자들은 날씨 변화에 맞춰 계절 상품과 생활 서비스를 찾고 있다. 이번 보도에서는 취미, 가족, 소비자, 여행 관련 내용이 함께 다뤄졌다."
1125,6,생활,"건강한 생활을 위해 규칙적인 운동과 균형 잡힌 음식 섭취가 강조된다. 이번 보도에서는 소비자, 여행, 서비스, 취미 관련 내용이 함께 다뤄졌다."
1126,6,생활,"여행 수요가 늘면서 숙박 서비스와 지역 관광 상품이 다양해졌다. 이번 보도에서는 음식, 건강, 주거, 소비자 관련 내용이 함께 다뤄졌다."
1127,6,생활,"주거 환경 개선과 가족 중심 여가 활동에 대한 관심이 커지고 있다. 이번 보도에서는 서비스, 가족, 건강, 취미 관련 내용이 함께 다뤄졌다."
1128,6,생활,"소비자들은 날씨 변화에 맞춰 계절 상품과 생활 서비스를 찾고 있다. 이번 보도에서는 여행, 주거, 서비스, 취미 관련 내용이 함께 다뤄졌다."
1129,6,생활,"건강한 생활을 위해 규칙적인 운동과 균형 잡힌 음식 섭취가 강조된다. 이번 보도에서는 여행, 음식, 생활, 소비자 관련 내용이 함께 다뤄졌다."
1130,6,생활,"여행 수요가 늘면서 숙박 서비스와 지역 관광 상품이 다양해졌다. 이번 보도에서는 여행, 소비자, 건강, 서비스 관련 내용이 함께 다뤄졌다."
1131,6,생활,"주거 환경 개선과 가족 중심 여가 활동에 대한 관심이 커지고 있다. 이번 보도에서는 취미, 여행, 서비스, 날씨 관련 내용이 함께 다뤄졌다."
1132,6,생활,"소비자들은 날씨 변화에 맞춰 계절 상품과 생활 서비스를 찾고 있다. 이번 보도에서는 취미, 여행, 음식, 가족 관련 내용이 함께 다뤄졌다."
1133,6,생활,"건강한 생활을 위해 규칙적인 운동과 균형 잡힌 음식 섭취가 강조된다. 이번 보도에서는 생활, 건강, 취미, 날씨 관련 내용이 함께 다뤄졌다."
1134,6,생활,"여행 수요가 늘면서 숙박 서비스와 지역 관광 상품이 다양해졌다. 이번 보도에서는 음식, 날씨, 소비자, 생활 관련 내용이 함께 다뤄졌다."
1135,6,생활,"주거 환경 개선과 가족 중심 여가 활동에 대한 관심이 커지고 있다. 이번 보도에서는 날씨, 여행, 건강, 서비스 관련 내용이 함께 다뤄졌다."
1136,6,생활,"소비자들은 날씨 변화에 맞춰 계절 상품과 생활 서비스를 찾고 있다. 이번 보도에서는 음식, 소비자, 가족, 취미 관련 내용이 함께 다뤄졌다."
1137,6,생활,"건강한 생활을 위해 규칙적인 운동과 균형 잡힌 음식 섭취가 강조된다. 이번 보도에서는 소비자, 날씨, 취미, 서비스 관련 내용이 함께 다뤄졌다."
1138,6,생활,"여행 수요가 늘면서 숙박 서비스와 지역 관광 상품이 다양해졌다. 이번 보도에서는 날씨, 소비자, 음식, 가족 관련 내용이 함께 다뤄졌다."
1139,6,생활,"주거 환경 개선과 가족 중심 여가 활동에 대한 관심이 커지고 있다. 이번 보도에서는 소비자, 서비스, 주거, 취미 관련 내용이 함께 다뤄졌다."
1140,6,생활,"소비자들은 날씨 변화에 맞춰 계절 상품과 생활 서비스를 찾고 있다. 이번 보도에서는 여행, 주거, 소비자, 가족 관련 내용이 함께 다뤄졌다."
7001,7,IT,"인공지능 기반 자연어 처리 기술이 뉴스 서비스와 검색 플랫폼에 빠르게 적용되고 있다. 기업들은 대규모 데이터를 학습한 모델을 활용해 문서 분류, 요약, 추천 서비스를 개선하고 있다. 특히 토픽 모델링과 단어 임베딩 기술은 기사 속 핵심 주제를 찾고 관련 뉴스를 묶는 데 사용된다. 보안과 개인정보 보호 문제도 함께 논의되며 클라우드 환경에서 안정적인 데이터 관리가 요구된다."
1142,7,IT,"클라우드 플랫폼 기업들은 보안 기능과 소프트웨어 개발 도구를 강화하고 있다. 이번 보도에서는 디지털, 플랫폼, 서비스, 알고리즘 관련 내용이 함께 다뤄졌다."
1143,7,IT,"반도체 업계는 인공지능 연산에 최적화된 칩과 데이터 처리 기술을 개발하고 있다. 이번 보도에서는 보안, 디지털, 로봇, 데이터 관련 내용이 함께 다뤄졌다."
1144,7,IT,"로봇 서비스는 알고리즘 고도화와 센서 데이터 학습을 통해 활용 범위를 넓히고 있다. 이번 보도에서는 모델, 디지털, 서비스, 클라우드 관련 내용이 함께 다뤄졌다."
1145,7,IT,"인공지능 서비스가 다양한 산업에 적용되면서 데이터 분석과 모델 성능 개선이 중요해졌다. 이번 보도에서는 디지털, 모델, 서비스, 데이터 관련 내용이 함께 다뤄졌다."
1146,7,IT,"클라우드 플랫폼 기업들은 보안 기능과 소프트웨어 개발 도구를 강화하고 있다. 이번 보도에서는 클라우드, 디지털, 보안, 로봇 관련 내용이 함께 다뤄졌다."
1147,7,IT,"반도체 업계는 인공지능 연산에 최적화된 칩과 데이터 처리 기술을 개발하고 있다. 이번 보도에서는 반도체, 클라우드, 인공지능, 서비스 관련 내용이 함께 다뤄졌다."
1148,7,IT,"로봇 서비스는 알고리즘 고도화와 센서 데이터 학습을 통해 활용 범위를 넓히고 있다. 이번 보도에서는 클라우드, 디지털, 소프트웨어, 인공지능 관련 내용이 함께 다뤄졌다."
1149,7,IT,"인공지능 서비스가 다양한 산업에 적용되면서 데이터 분석과 모델 성능 개선이 중요해졌다. 이번 보도에서는 소프트웨어, 클라우드, 반도체, 인공지능 관련 내용이 함께 다뤄졌다."
1150,7,IT,"클라우드 플랫폼 기업들은 보안 기능과 소프트웨어 개발 도구를 강화하고 있다. 이번 보도에서는 보안, 플랫폼, 클라우드, 소프트웨어 관련 내용이 함께 다뤄졌다."
1151,7,IT,"반도체 업계는 인공지능 연산에 최적화된 칩과 데이터 처리 기술을 개발하고 있다. 이번 보도에서는 로봇, 디지털, 소프트웨어, 서비스 관련 내용이 함께 다뤄졌다."
1152,7,IT,"로봇 서비스는 알고리즘 고도화와 센서 데이터 학습을 통해 활용 범위를 넓히고 있다. 이번 보도에서는 반도체, 서비스, 플랫폼, 클라우드 관련 내용이 함께 다뤄졌다."
1153,7,IT,"인공지능 서비스가 다양한 산업에 적용되면서 데이터 분석과 모델 성능 개선이 중요해졌다. 이번 보도에서는 반도체, 인공지능, 클라우드, 보안 관련 내용이 함께 다뤄졌다."
1154,7,IT,"클라우드 플랫폼 기업들은 보안 기능과 소프트웨어 개발 도구를 강화하고 있다. 이번 보도에서는 알고리즘, 디지털, 클라우드, 모델 관련 내용이 함께 다뤄졌다."
1155,7,IT,"반도체 업계는 인공지능 연산에 최적화된 칩과 데이터 처리 기술을 개발하고 있다. 이번 보도에서는 반도체, 모델, 소프트웨어, 로봇 관련 내용이 함께 다뤄졌다."
1156,7,IT,"로봇 서비스는 알고리즘 고도화와 센서 데이터 학습을 통해 활용 범위를 넓히고 있다. 이번 보도에서는 인공지능, 클라우드, 소프트웨어, 디지털 관련 내용이 함께 다뤄졌다."
1157,7,IT,"인공지능 서비스가 다양한 산업에 적용되면서 데이터 분석과 모델 성능 개선이 중요해졌다. 이번 보도에서는 데이터, 알고리즘, 클라우드, 모델 관련 내용이 함께 다뤄졌다."
1158,7,IT,"클라우드 플랫폼 기업들은 보안 기능과 소프트웨어 개발 도구를 강화하고 있다. 이번 보도에서는 반도체, 모델, 인공지능, 플랫폼 관련 내용이 함께 다뤄졌다."
1159,7,IT,"반도체 업계는 인공지능 연산에 최적화된 칩과 데이터 처리 기술을 개발하고 있다. 이번 보도에서는 클라우드, 보안, 서비스, 반도체 관련 내용이 함께 다뤄졌다."
1160,7,IT,"로봇 서비스는 알고리즘 고도화와 센서 데이터 학습을 통해 활용 범위를 넓히고 있다. 이번 보도에서는 보안, 디지털, 클라우드, 플랫폼 관련 내용이 함께 다뤄졌다."
